{
  "west": -106.407638,
  "east": -96.573998,
  "south": 28.216585499999997,
  "north": 43.3510675
}